{"cameraMode":{"drawMode":0,"name":"Shaded","section":"Shading Mode"},"sceneLighting":false,"audioPlay":false,"sceneViewState":{"showFog":true,"showMaterialUpdate":true,"showSkybox":false,"showFlares":true,"showImageEffects":true,"showParticleSystems":true},"in2DMode":false,"pivot":{"x":-0.40685343742370608,"y":-10.72811222076416,"z":-11.084840774536133},"rotation":{"x":0.008306493982672692,"y":0.9246883988380432,"z":-0.380097895860672,"w":0.02019914984703064},"size":125.7332992553711,"orthographic":false}