{"cameraMode":{"drawMode":0,"name":"Shaded","section":"Shading Mode"},"sceneLighting":false,"audioPlay":false,"sceneViewState":{"showFog":true,"showMaterialUpdate":true,"showSkybox":false,"showFlares":true,"showImageEffects":true,"showParticleSystems":true},"in2DMode":false,"pivot":{"x":1561.1832275390625,"y":280.48834228515627,"z":612.1893310546875},"rotation":{"x":-0.05598757416009903,"y":0.4944421052932739,"z":-0.03193582594394684,"w":-0.8668158054351807},"size":113.3886489868164,"orthographic":false}