{"cameraMode":{"drawMode":0,"name":"Shaded","section":"Shading Mode"},"sceneLighting":false,"audioPlay":false,"sceneViewState":{"showFog":true,"showMaterialUpdate":true,"showSkybox":false,"showFlares":true,"showImageEffects":true,"showParticleSystems":true},"in2DMode":false,"pivot":{"x":1638.4132080078125,"y":284.4067687988281,"z":746.130859375},"rotation":{"x":-0.09429589658975601,"y":-0.7252605557441711,"z":0.10137989372015,"w":-0.6744090914726257},"size":116.857421875,"orthographic":false}