{"cameraMode":{"drawMode":0,"name":"Shaded","section":"Shading Mode"},"sceneLighting":false,"audioPlay":false,"sceneViewState":{"showFog":true,"showMaterialUpdate":true,"showSkybox":false,"showFlares":true,"showImageEffects":true,"showParticleSystems":true},"in2DMode":false,"pivot":{"x":1521.109130859375,"y":272.7275390625,"z":779.9251708984375},"rotation":{"x":-0.09429589658975601,"y":-0.7252605557441711,"z":0.10137989372015,"w":-0.6744090914726257},"size":116.3975830078125,"orthographic":false}