{"cameraMode":{"drawMode":0,"name":"Shaded","section":"Shading Mode"},"sceneLighting":false,"audioPlay":false,"sceneViewState":{"showFog":true,"showMaterialUpdate":true,"showSkybox":false,"showFlares":true,"showImageEffects":true,"showParticleSystems":true},"in2DMode":false,"pivot":{"x":77.4205093383789,"y":9.745296478271485,"z":42.83106994628906},"rotation":{"x":0.02661507949233055,"y":0.8517837524414063,"z":-0.04347873851656914,"w":0.5214088559150696},"size":78.96539306640625,"orthographic":false}