{"cameraMode":{"drawMode":0,"name":"Shaded","section":"Shading Mode"},"sceneLighting":false,"audioPlay":false,"sceneViewState":{"showFog":true,"showMaterialUpdate":true,"showSkybox":false,"showFlares":true,"showImageEffects":true,"showParticleSystems":true},"in2DMode":false,"pivot":{"x":0.037836551666259769,"y":2.901728391647339,"z":-0.004777431488037109},"rotation":{"x":-0.21339485049247743,"y":0.2763628661632538,"z":-0.06306987255811691,"w":-0.9349440932273865},"size":11.65615463256836,"orthographic":false}