{"cameraMode":{"drawMode":0,"name":"Shaded","section":"Shading Mode"},"sceneLighting":false,"audioPlay":false,"sceneViewState":{"showFog":true,"showMaterialUpdate":true,"showSkybox":false,"showFlares":true,"showImageEffects":true,"showParticleSystems":true},"in2DMode":false,"pivot":{"x":-0.004415341652929783,"y":0.46159300208091738,"z":-10.019392967224121},"rotation":{"x":-0.2812592685222626,"y":0.5635098814964294,"z":-0.21210958063602448,"w":-0.7472345232963562},"size":46.793758392333987,"orthographic":false}