{"cameraMode":{"drawMode":0,"name":"Shaded","section":"Shading Mode"},"sceneLighting":false,"audioPlay":false,"sceneViewState":{"showFog":true,"showMaterialUpdate":true,"showSkybox":false,"showFlares":true,"showImageEffects":true,"showParticleSystems":true},"in2DMode":false,"pivot":{"x":1623.5477294921875,"y":297.7339172363281,"z":742.7371826171875},"rotation":{"x":-0.05726628750562668,"y":-0.685958981513977,"z":0.054165251553058627,"w":-0.7234168648719788},"size":3.746657133102417,"orthographic":false}