{"cameraMode":{"drawMode":0,"name":"Shaded","section":"Shading Mode"},"sceneLighting":false,"audioPlay":false,"sceneViewState":{"showFog":true,"showMaterialUpdate":true,"showSkybox":false,"showFlares":true,"showImageEffects":true,"showParticleSystems":true},"in2DMode":false,"pivot":{"x":1638.4132080078125,"y":284.4067687988281,"z":746.130859375},"rotation":{"x":-0.011331383138895035,"y":-0.9867762923240662,"z":0.1409701108932495,"w":-0.07919341325759888},"size":73.75094604492188,"orthographic":false}