{"cameraMode":{"drawMode":0,"name":"Shaded","section":"Shading Mode"},"sceneLighting":false,"audioPlay":false,"sceneViewState":{"showFog":true,"showMaterialUpdate":true,"showSkybox":false,"showFlares":true,"showImageEffects":true,"showParticleSystems":true},"in2DMode":false,"pivot":{"x":-6.73073148727417,"y":-8.076655387878418,"z":-8.6564302444458},"rotation":{"x":0.008306493982672692,"y":0.9246883988380432,"z":-0.380097895860672,"w":0.02019914984703064},"size":149.19500732421876,"orthographic":false}