{"cameraMode":{"drawMode":0,"name":"Shaded","section":"Shading Mode"},"sceneLighting":false,"audioPlay":false,"sceneViewState":{"showFog":true,"showMaterialUpdate":true,"showSkybox":false,"showFlares":true,"showImageEffects":true,"showParticleSystems":true},"in2DMode":false,"pivot":{"x":1675.868896484375,"y":198.25711059570313,"z":981.6735229492188},"rotation":{"x":0.03678939491510391,"y":0.9555389285087586,"z":-0.13502582907676698,"w":0.2596985399723053},"size":2375.451416015625,"orthographic":false}