{"cameraMode":{"drawMode":0,"name":"Shaded","section":"Shading Mode"},"sceneLighting":false,"audioPlay":false,"sceneViewState":{"showFog":true,"showMaterialUpdate":true,"showSkybox":false,"showFlares":true,"showImageEffects":true,"showParticleSystems":true},"in2DMode":false,"pivot":{"x":1622.097412109375,"y":297.2628173828125,"z":743.656005859375},"rotation":{"x":-0.2814449369907379,"y":0.23873059451580048,"z":-0.07260516285896301,"w":-0.9266113042831421},"size":3.092224597930908,"orthographic":false}