{"cameraMode":{"drawMode":0,"name":"Shaded","section":"Shading Mode"},"sceneLighting":true,"audioPlay":false,"sceneViewState":{"showFog":true,"showMaterialUpdate":true,"showSkybox":true,"showFlares":true,"showImageEffects":true,"showParticleSystems":true},"in2DMode":false,"pivot":{"x":1817.11279296875,"y":288.84088134765627,"z":529.4854736328125},"rotation":{"x":-0.02059278078377247,"y":-0.6909797787666321,"z":0.01969839259982109,"w":-0.7223253846168518},"size":93.203125,"orthographic":false}