{"cameraMode":{"drawMode":0,"name":"Shaded","section":"Shading Mode"},"sceneLighting":false,"audioPlay":false,"sceneViewState":{"showFog":true,"showMaterialUpdate":true,"showSkybox":false,"showFlares":true,"showImageEffects":true,"showParticleSystems":true},"in2DMode":false,"pivot":{"x":4.066553115844727,"y":-10.042176246643067,"z":-9.861739158630371},"rotation":{"x":0.008306493982672692,"y":0.9246883988380432,"z":-0.380097895860672,"w":0.02019914984703064},"size":67.9736328125,"orthographic":false}