{"cameraMode":{"drawMode":0,"name":"Shaded","section":"Shading Mode"},"sceneLighting":false,"audioPlay":false,"sceneViewState":{"showFog":true,"showMaterialUpdate":true,"showSkybox":false,"showFlares":true,"showImageEffects":true,"showParticleSystems":true},"in2DMode":false,"pivot":{"x":1419.391845703125,"y":258.9439392089844,"z":663.6304321289063},"rotation":{"x":-0.04578587785363197,"y":0.06499992311000824,"z":-0.003006011713296175,"w":-0.9968298077583313},"size":318.7668151855469,"orthographic":false}