{"cameraMode":{"drawMode":0,"name":"Shaded","section":"Shading Mode"},"sceneLighting":false,"audioPlay":false,"sceneViewState":{"showFog":true,"showMaterialUpdate":true,"showSkybox":false,"showFlares":true,"showImageEffects":true,"showParticleSystems":true},"in2DMode":false,"pivot":{"x":1.205763339996338,"y":-8.703964233398438,"z":-8.531654357910157},"rotation":{"x":-0.052611343562603,"y":0.9468129873275757,"z":-0.2407536506652832,"w":-0.2069178819656372},"size":106.87599182128906,"orthographic":false}