{"cameraMode":{"drawMode":0,"name":"Shaded","section":"Shading Mode"},"sceneLighting":false,"audioPlay":false,"sceneViewState":{"showFog":true,"showMaterialUpdate":true,"showSkybox":false,"showFlares":true,"showImageEffects":true,"showParticleSystems":true},"in2DMode":false,"pivot":{"x":1597.317626953125,"y":287.441650390625,"z":610.0786743164063},"rotation":{"x":0.13764458894729615,"y":0.7688466906547546,"z":-0.17669698596000672,"w":0.5989219546318054},"size":12.08759880065918,"orthographic":false}