{"cameraMode":{"drawMode":0,"name":"Shaded","section":"Shading Mode"},"sceneLighting":false,"audioPlay":false,"sceneViewState":{"showFog":true,"showMaterialUpdate":true,"showSkybox":false,"showFlares":true,"showImageEffects":true,"showParticleSystems":true},"in2DMode":false,"pivot":{"x":-3.6374704837799074,"y":-9.324033737182618,"z":-10.230056762695313},"rotation":{"x":0.008306493982672692,"y":0.9246883988380432,"z":-0.380097895860672,"w":0.02019914984703064},"size":111.22073364257813,"orthographic":false}