{"cameraMode":{"drawMode":0,"name":"Shaded","section":"Shading Mode"},"sceneLighting":false,"audioPlay":false,"sceneViewState":{"showFog":true,"showMaterialUpdate":true,"showSkybox":false,"showFlares":true,"showImageEffects":true,"showParticleSystems":true},"in2DMode":false,"pivot":{"x":2.5400052070617677,"y":-12.085897445678711,"z":-12.084793090820313},"rotation":{"x":0.008306493982672692,"y":0.9246883988380432,"z":-0.380097895860672,"w":0.02019914984703064},"size":101.26835632324219,"orthographic":false}