{"cameraMode":{"drawMode":0,"name":"Shaded","section":"Shading Mode"},"sceneLighting":false,"audioPlay":false,"sceneViewState":{"showFog":true,"showMaterialUpdate":true,"showSkybox":false,"showFlares":true,"showImageEffects":true,"showParticleSystems":true},"in2DMode":false,"pivot":{"x":1634.5667724609375,"y":284.7511291503906,"z":744.6356201171875},"rotation":{"x":-0.09429589658975601,"y":-0.7252605557441711,"z":0.10137989372015,"w":-0.6744090914726257},"size":40.36192321777344,"orthographic":false}