{"cameraMode":{"drawMode":0,"name":"Shaded","section":"Shading Mode"},"sceneLighting":false,"audioPlay":false,"sceneViewState":{"showFog":true,"showMaterialUpdate":true,"showSkybox":false,"showFlares":true,"showImageEffects":true,"showParticleSystems":true},"in2DMode":false,"pivot":{"x":1636.260009765625,"y":288.0355529785156,"z":744.5381469726563},"rotation":{"x":-0.09429589658975601,"y":-0.7252605557441711,"z":0.10137989372015,"w":-0.6744090914726257},"size":83.85724639892578,"orthographic":false}