{"cameraMode":{"drawMode":0,"name":"Shaded","section":"Shading Mode"},"sceneLighting":false,"audioPlay":false,"sceneViewState":{"showFog":true,"showMaterialUpdate":true,"showSkybox":false,"showFlares":true,"showImageEffects":true,"showParticleSystems":true},"in2DMode":false,"pivot":{"x":1606.927001953125,"y":281.8861083984375,"z":612.000244140625},"rotation":{"x":-0.20447389781475068,"y":-0.4744834899902344,"z":0.11422774195671082,"w":-0.8485817909240723},"size":20.166763305664064,"orthographic":false}