{"cameraMode":{"drawMode":0,"name":"Shaded","section":"Shading Mode"},"sceneLighting":false,"audioPlay":false,"sceneViewState":{"showFog":true,"showMaterialUpdate":true,"showSkybox":false,"showFlares":true,"showImageEffects":true,"showParticleSystems":true},"in2DMode":false,"pivot":{"x":1661.61181640625,"y":294.23297119140627,"z":740.638671875},"rotation":{"x":0.007094888482242823,"y":0.9884573817253113,"z":0.04991137981414795,"w":-0.14286556839942933},"size":149.25213623046876,"orthographic":false}