{"cameraMode":{"drawMode":0,"name":"Shaded","section":"Shading Mode"},"sceneLighting":false,"audioPlay":false,"sceneViewState":{"showFog":true,"showMaterialUpdate":true,"showSkybox":false,"showFlares":true,"showImageEffects":true,"showParticleSystems":true},"in2DMode":false,"pivot":{"x":-1.0460395812988282,"y":2.6538772583007814,"z":-0.4904327392578125},"rotation":{"x":-0.21339485049247743,"y":0.2763628661632538,"z":-0.06306987255811691,"w":-0.9349440932273865},"size":11.154596328735352,"orthographic":false}