{"cameraMode":{"drawMode":0,"name":"Shaded","section":"Shading Mode"},"sceneLighting":false,"audioPlay":false,"sceneViewState":{"showFog":true,"showMaterialUpdate":true,"showSkybox":false,"showFlares":true,"showImageEffects":true,"showParticleSystems":true},"in2DMode":false,"pivot":{"x":1818.716796875,"y":194.9451446533203,"z":804.6802368164063},"rotation":{"x":-0.205867737531662,"y":-0.32260972261428835,"z":0.07210755348205567,"w":-0.9210553169250488},"size":7.233546257019043,"orthographic":false}