{"cameraMode":{"drawMode":0,"name":"Shaded","section":"Shading Mode"},"sceneLighting":false,"audioPlay":false,"sceneViewState":{"showFog":true,"showMaterialUpdate":true,"showSkybox":false,"showFlares":true,"showImageEffects":true,"showParticleSystems":true},"in2DMode":false,"pivot":{"x":-234.19654846191407,"y":-10.873775482177735,"z":-240.61932373046876},"rotation":{"x":0.08456484228372574,"y":0.07379680871963501,"z":-0.006275235675275326,"w":0.9936675429344177},"size":2.8578836917877199,"orthographic":false}