{"cameraMode":{"drawMode":0,"name":"Shaded","section":"Shading Mode"},"sceneLighting":false,"audioPlay":false,"sceneViewState":{"showFog":true,"showMaterialUpdate":true,"showSkybox":false,"showFlares":true,"showImageEffects":true,"showParticleSystems":true},"in2DMode":false,"pivot":{"x":-0.29560089111328127,"y":3.3440117835998537,"z":1.099538803100586},"rotation":{"x":-0.13308613002300263,"y":0.3838886022567749,"z":-0.0560089573264122,"w":-0.9120269417762756},"size":10.244851112365723,"orthographic":false}