{"cameraMode":{"drawMode":0,"name":"Shaded","section":"Shading Mode"},"sceneLighting":false,"audioPlay":false,"sceneViewState":{"showFog":true,"showMaterialUpdate":true,"showSkybox":false,"showFlares":true,"showImageEffects":true,"showParticleSystems":true},"in2DMode":false,"pivot":{"x":-234.26620483398438,"y":-11.39636516571045,"z":-240.97970581054688},"rotation":{"x":-0.05466192588210106,"y":-0.8393040299415588,"z":0.08590730279684067,"w":-0.5340391993522644},"size":4.535907745361328,"orthographic":false}