{"cameraMode":{"drawMode":0,"name":"Shaded","section":"Shading Mode"},"sceneLighting":false,"audioPlay":false,"sceneViewState":{"showFog":true,"showMaterialUpdate":true,"showSkybox":false,"showFlares":true,"showImageEffects":true,"showParticleSystems":true},"in2DMode":false,"pivot":{"x":1827.1361083984375,"y":191.4932861328125,"z":755.3546752929688},"rotation":{"x":-0.02596013806760311,"y":0.8645881414413452,"z":-0.04491163790225983,"w":-0.4997963011264801},"size":61.405086517333987,"orthographic":false}