{"cameraMode":{"drawMode":0,"name":"Shaded","section":"Shading Mode"},"sceneLighting":false,"audioPlay":false,"sceneViewState":{"showFog":true,"showMaterialUpdate":true,"showSkybox":false,"showFlares":true,"showImageEffects":true,"showParticleSystems":true},"in2DMode":false,"pivot":{"x":1521.0640869140625,"y":272.6957702636719,"z":779.7903442382813},"rotation":{"x":0.1650523692369461,"y":-0.03192552179098129,"z":0.005344543606042862,"w":0.9857571125030518},"size":9.179460525512696,"orthographic":false}