{"cameraMode":{"drawMode":0,"name":"Shaded","section":"Shading Mode"},"sceneLighting":true,"audioPlay":false,"sceneViewState":{"showFog":true,"showMaterialUpdate":true,"showSkybox":true,"showFlares":true,"showImageEffects":true,"showParticleSystems":true},"in2DMode":false,"pivot":{"x":1473.9637451171875,"y":190.2618408203125,"z":760.332275390625},"rotation":{"x":-0.06193254515528679,"y":0.7217625975608826,"z":-0.06513457745313645,"w":-0.6862803101539612},"size":580.78076171875,"orthographic":false}