{"cameraMode":{"drawMode":0,"name":"Shaded","section":"Shading Mode"},"sceneLighting":false,"audioPlay":false,"sceneViewState":{"showFog":true,"showMaterialUpdate":true,"showSkybox":false,"showFlares":true,"showImageEffects":true,"showParticleSystems":true},"in2DMode":false,"pivot":{"x":1638.4132080078125,"y":284.4067687988281,"z":746.130859375},"rotation":{"x":-0.00003846336039714515,"y":0.9930580258369446,"z":-0.11762528121471405,"w":-0.00032591988565400243},"size":97.16513061523438,"orthographic":false}