{"cameraMode":{"drawMode":0,"name":"Shaded","section":"Shading Mode"},"sceneLighting":false,"audioPlay":false,"sceneViewState":{"showFog":true,"showMaterialUpdate":true,"showSkybox":false,"showFlares":true,"showImageEffects":true,"showParticleSystems":true},"in2DMode":false,"pivot":{"x":1821.1453857421875,"y":194.7989959716797,"z":803.7525634765625},"rotation":{"x":-0.06346055865287781,"y":0.7675879597663879,"z":-0.07693719118833542,"w":-0.6331367492675781},"size":8.144840240478516,"orthographic":false}