{"cameraMode":{"drawMode":0,"name":"Shaded","section":"Shading Mode"},"sceneLighting":false,"audioPlay":false,"sceneViewState":{"showFog":true,"showMaterialUpdate":true,"showSkybox":false,"showFlares":true,"showImageEffects":true,"showParticleSystems":true},"in2DMode":false,"pivot":{"x":-0.000039458274841308594,"y":2.8566524982452394,"z":-0.00022554397583007813},"rotation":{"x":-0.13308613002300263,"y":0.3838886022567749,"z":-0.0560089573264122,"w":-0.9120269417762756},"size":12.895332336425782,"orthographic":false}