{"cameraMode":{"drawMode":0,"name":"Shaded","section":"Shading Mode"},"sceneLighting":false,"audioPlay":false,"sceneViewState":{"showFog":true,"showMaterialUpdate":true,"showSkybox":false,"showFlares":true,"showImageEffects":true,"showParticleSystems":true},"in2DMode":false,"pivot":{"x":-56.75880813598633,"y":31.89846420288086,"z":-44.92226028442383},"rotation":{"x":0.05058469623327255,"y":-0.8141318559646606,"z":0.0717456266283989,"w":0.5740078091621399},"size":9.525527000427246,"orthographic":false}