{"cameraMode":{"drawMode":0,"name":"Shaded","section":"Shading Mode"},"sceneLighting":false,"audioPlay":false,"sceneViewState":{"showFog":true,"showMaterialUpdate":true,"showSkybox":false,"showFlares":true,"showImageEffects":true,"showParticleSystems":true},"in2DMode":false,"pivot":{"x":1640.060302734375,"y":290.2186279296875,"z":747.09033203125},"rotation":{"x":-0.00003846349864033982,"y":0.9930616021156311,"z":-0.11762569844722748,"w":-0.0003259210498072207},"size":3.711186647415161,"orthographic":false}