{"cameraMode":{"drawMode":0,"name":"Shaded","section":"Shading Mode"},"sceneLighting":false,"audioPlay":false,"sceneViewState":{"showFog":true,"showMaterialUpdate":true,"showSkybox":false,"showFlares":true,"showImageEffects":true,"showParticleSystems":true},"in2DMode":false,"pivot":{"x":-3.081486225128174,"y":-1.2432055473327637,"z":-7.640020370483398},"rotation":{"x":-0.23445726931095124,"y":0.5467858910560608,"z":-0.16287145018577577,"w":-0.7871192693710327},"size":10.163965225219727,"orthographic":false}